alvarado_321,06baa304-be10-3e60-bb03-4dd7e14797de
zitruoc,1ee29bf3-0761-33c8-aaf8-643e118d0530
ian_mx,23eaf895-ee9c-3214-866d-21a65ac5eb19
el_lichi_mc,3ba87391-89d7-38c5-8a1c-312b32646087
sralexmc,e754352a-2717-3253-84cf-2baa1c21ae41
lordofgod,68bd0e31-1295-314e-b805-a36247efd823
hipnotiyt,bb4bd5fe-3c30-3c5d-8aa0-5d34ca80e751
spartano_12j,eb3fa196-0a97-354c-b71c-a7acb8a057a0
boingdemango,e3c2ec1e-50d9-3dc8-9fbe-9114890e9b44
ju4nch0,8eaec8b1-b93d-3dc9-9b59-068206bb5be6
rubencraft2006,2b91c968-938e-3f92-9116-a357b902c1bd
jossieldark,8bd0e491-9602-3bfe-ac18-cc3b4294679b
danielmoralessss,d2b97d79-14dd-3d7e-ae8d-80d842c91629
code_phyton,ca88cfa4-3638-358b-a981-a7b264939e6f
agustinzmal,9b1c773a-2a57-3e7a-940f-518bdfdd089f
juandagamer17,efaefc85-9402-3713-bf03-ac1b8eb955ec
jajayu,203e5237-895d-32cf-9e5a-6fee83676ce5
ballesito,c027c330-68e3-36e9-88f6-1df79ad10141
_zbear_,bc7cf9e6-99ed-3c8c-9ade-d303e8f8c69e
the_sword01,5ea54347-cda2-3af9-9edb-58ca7b402940
sebastian3663633,75b53a20-6595-3008-ba77-21afe111140d
masivo,bb61b744-8e15-325e-a99d-14795cea509d
simone2,c6c1859c-68f4-3de9-8b1b-ea4c1128d7e0
tizigames12,07132794-0aff-3ce1-a484-c86e8596d1c4
_vidak,f3c256f3-4bfb-38eb-8277-1fba4912bd05
agusmilocco,ed8ad4d2-3a8a-3749-b79a-03b428f19c34
luchootp11,f4783d6a-2f3a-37d2-81aa-9f8276a2830f
samm_,99b46001-9cf8-34c2-a7d9-2141bab1a411
troya2000,3f66e663-e1bc-3820-8e91-6bf87237d9fd
yscx,1b47bb0f-7ee3-31b2-8cdc-c0ef793953ed
youngweed,1fd41533-990b-3c79-ba9b-fb8b3b330e9a
hiro_,954cddd1-6b6e-39a3-abfb-dd882beb718e
ender_super,b17b4b77-bf26-3e65-8549-0b322060f744
hiro,fc96024b-befd-35fa-9706-37fb1454a781
mazy_man,be7caed0-7ac6-3efe-98e3-330150e45111
pulevita,fae17527-4b5b-3b8b-abb7-12ea2265cb90
mrsenzey,c2b72560-6cee-3fdb-8fd6-5a88f2122161
souzaymusic,3108398a-380c-39ee-9dd4-418c0fa4a744
nuckduck,c89626da-d5a6-31a9-80e9-47d882e598c0
sabut1,d27e0be6-a9bb-3d34-9779-6059741bbfc0
kevinlevin,3253467a-db2f-3c4a-879c-70b4651e0c7d
brunkkaster,45a708de-4f7e-3d16-b95d-55682ad3055e
tomy_x,702c5062-d201-30d5-9c61-a8c155bd19fe
sirworldban,27b19471-9a4f-353f-a84f-209fb956dfd5
octanan,1e58d40f-411f-3295-a690-5809c6fe108b
jesus52,72e28465-2b21-33ea-ba5b-c25987bf9e37
oscarst14,0d2cecc0-23e5-3b1c-9d6a-5c2489429851
lucas2020,c156eb41-e30f-3db4-b600-30ec99b1217e
azen5513,fcb8cc16-6cbe-35c4-b58c-094e0bb24a23
imtoxico_x,2062996c-cbc2-3a90-b89d-37aca49018e2
imdeelis,0ddae6b9-7c0f-346b-80a5-f37dbbe555d9
simonevergasola,b5b59d97-0ec3-34d8-b64c-e235bd46a5df
troll707,380d8580-e2ec-392c-ba0e-1ee2e8efc28b
ruwd_,da0ce74c-9d18-32c7-a68b-c0c3bb8ee890
thedarkasd,0bb0b025-f8ee-3924-9540-910345204b35
meahauf3240,2ad0a929-bf20-38c5-bd37-8661576c1294
58589,77cca29d-d44f-39e9-add9-1616d34746dd
lucas_ytpro123,18a211a3-0231-36d3-ad40-2f9eda3844ea
tutuiwnl,871dc676-7b89-33c0-baa4-6d51d5ecaf41
ferranlopez88,253eb4b6-8057-3b0d-8276-f6bc9df64a11
kittychloe,cfdd776d-e70f-32e9-82c9-0eda9d0dbd25
